Strategy,Total Trades,Win Rate (%),Net Profit ($),Return (%),Profit Factor,Sharpe Ratio,Max Drawdown (%),Avg Trade (%),Avg R-Multiple,Winning Trades,Losing Trades,OOS Win Rate (%),OOS Return (%)
01. EMA 9/21 + RSI Trend,48,39.58,-373.33,-0.37,0.66,-3.47,0.73,-0.08,-0.07,19,29,63.64,0.1
02. EMA 20/50 Trend Following,1,100.0,668.63,0.67,99.0,3.0,0.48,6.69,0.0,1,0,0.0,0.0
03. Supertrend + 200 EMA Filter,21,23.81,-262.19,-0.26,0.6,-2.2,0.6,-0.12,0.0,5,16,57.14,0.24
04. VWAP + RSI Intraday,41,39.02,-290.98,-0.29,0.79,-2.07,0.61,-0.07,0.07,16,25,46.67,0.05
05. Bollinger Band Breakout,19,31.58,-139.9,-0.14,0.66,-2.04,0.27,-0.07,0.02,6,13,33.33,-0.0
06. Donchian Channel Breakout,46,26.09,-678.65,-0.68,0.5,-3.95,1.01,-0.15,0.0,12,34,26.67,-0.11
07. Opening Range Breakout (ORB),76,34.21,-514.15,-0.51,0.5,-6.32,0.87,-0.07,-0.04,26,50,50.0,0.0
08. MACD + EMA Filter,44,50.0,-88.18,-0.09,0.91,-1.32,0.35,-0.02,0.2,22,22,58.33,0.06
09. RSI Statistical Mean Reversion,53,47.17,-271.78,-0.27,0.68,-3.18,0.46,-0.05,0.0,25,28,46.15,-0.22
10. Multi-Indicator Confluence,101,34.65,-1015.18,-1.02,0.56,-6.45,1.52,-0.1,-0.13,35,66,39.39,-0.29
11. Liquidity Sweep + CHOCH,25,32.0,-275.51,-0.28,0.72,-2.01,0.49,-0.11,-0.32,8,17,33.33,-0.03
12. Order Block Retest + BOS,23,26.09,-456.68,-0.46,0.34,-5.03,0.53,-0.2,-0.35,6,17,12.5,-0.18
13. FVG Retest + BOS,23,26.09,-389.12,-0.39,0.53,-2.83,0.67,-0.17,-0.35,6,17,10.0,-0.32
14. Liquidity Sweep + Order Block,15,26.67,-500.7,-0.5,0.22,-4.79,0.58,-0.33,-0.57,4,11,20.0,-0.24
15. Liquidity Sweep + FVG,1,100.0,33.66,0.03,99.0,2.89,0.01,0.34,2.25,1,0,0.0,0.0
16. BOS Pullback Continuation,25,32.0,-448.3,-0.45,0.47,-3.86,0.62,-0.18,-0.04,8,17,44.44,-0.12
17. Power of 3 (AMD Model),102,14.71,-1145.98,-1.15,0.19,-12.49,1.51,-0.11,-1.27,15,87,0.0,-0.58
18. Premium / Discount Dealing Range,35,28.57,-436.1,-0.44,0.53,-4.01,0.66,-0.12,-0.35,10,25,28.57,-0.06
19. Asian Session Range Sweep,42,23.81,-351.38,-0.35,0.55,-4.36,0.57,-0.08,0.07,10,32,10.0,-0.23
20. Flagship SMC Engine (Sweep+CHOCH+FVG),9,11.11,-5.3,-0.01,0.98,-0.2,0.44,-0.01,-0.6,1,8,25.0,0.23
